id,winner_model_a,winner_model_b,winner_tie
136060,0.325498963069619,0.3403853583002596,0.3341156786301215
211333,0.43667868424056333,0.24732726839559552,0.3159940473638412
1233961,0.3980314385322813,0.32729021357266613,0.2746783478950525
