id,winner_model_a,winner_model_b,winner_tie
136060,0.27989483,0.26717535,0.45292982
211333,0.37473667,0.35694388,0.26831943
1233961,0.32893175,0.3214935,0.3495748
