id,winner_model_a,winner_model_b,winner_tie
136060,0.22570458416966202,0.36221018274975414,0.41208523308058387
211333,0.4857910677808627,0.21342763159579736,0.30078130062334
1233961,0.34857923385843814,0.3701127266515311,0.28130803949003064
