id,winner_model_a,winner_model_b,winner_tie
136060,0.31590378196669333,0.20957241510330482,0.47452380293000174
211333,0.23414126569355798,0.48338665085213917,0.28247208345430286
1233961,0.2512893343662968,0.49217128140208966,0.2565393842316136
