id,winner_model_a,winner_model_b,winner_tie
136060,0.26192053369875484,0.329334768034929,0.40874469826631626
211333,0.4426522743944576,0.2632624350565924,0.29408529054895
1233961,0.352575424347044,0.3469624508358621,0.30046212481709395
